MovieID,CustomerID,Rating
662,460795,3
482,2249361,3
357,1453687,4
3610,2068497,3
3379,617660,5
3197,887136,5
1255,810093,5
28,1932492,3
1073,196047,4
1202,1958918,5
2352,1911337,5
1561,848328,3
798,569617,5
3611,1835306,3
3269,972452,4
3749,458188,3
798,1274318,4
1307,857043,5
2000,458104,2
3216,1718511,3
2152,2588595,3
4356,2095007,4
2409,764914,3
4369,676450,4
2152,1876507,3
3427,1623104,3
2743,422985,5
670,724389,2
3197,666798,3
2342,629969,5
3583,123092,3
2889,1586578,4
3309,417516,4
329,1798520,2
3275,754185,2
963,276617,3
2876,1186371,3
1754,1133946,4
305,1451792,3
1590,674160,4
4056,381564,5
550,1030295,5
897,515980,3
1145,1977496,2
1571,1105412,4
2617,2001061,3
3713,1121570,4
992,1046419,4
1274,1741303,3
1144,1928588,5
4123,1865963,3
2152,740530,3
4493,1449353,5
191,1820694,4
3824,681280,5
3638,458675,2
3921,1420308,5
1703,1288720,4
554,863081,5
1180,1573113,5
3427,1371398,5
1902,1709921,3
3216,2336203,5
4123,1322903,3
3814,417937,3
2057,1704223,5
3355,1418739,3
859,2416435,2
3714,217004,2
1466,359128,3
1145,997677,1
3962,1673874,5
1292,2277749,4
97,19296,4
1645,170950,3
466,1582794,1
2878,1757328,3
381,628307,4
708,2643247,4
3962,146587,3
4306,241913,4
3168,175902,3
1799,298935,4
2470,2144037,3
3962,465167,4
3385,679849,1
501,1220185,3
108,312903,3
1703,1401233,5
1615,1498010,5
3962,37352,5
607,1793653,3
2699,2584648,4
2938,428958,4
962,2355266,4
2580,697421,4
2890,1235298,4
3824,1255812,4
2776,2231710,4
851,1013375,4
3223,1062999,5
886,1173120,5
1264,2220415,2
3333,1638114,3
2376,2327693,5
2862,2226926,5
3962,1846028,5
3890,834873,3
3751,346438,5
3998,2504343,1
2254,1120457,3
1144,2102898,3
3860,655175,3
2862,736573,1
2913,1149601,4
1792,2560533,5
1923,424818,4
3182,558787,4
2743,846618,3
3254,2404922,2
4369,763699,3
3310,1641401,5
746,1853093,4
4080,2147714,4
505,1247123,3
313,1598658,3
52,1923965,5
1144,80044,4
3582,1464315,5
1893,832077,3
1032,1954729,4
3187,1508328,3
2186,1964087,2
439,1008986,2
1905,1792345,5
3626,568711,3
3371,1753736,3
897,1780940,3
2512,1867719,5
17,128361,1
4356,984662,3
2391,283982,4
2372,2147592,4
3197,2225392,4
3817,262372,3
133,1296679,2
2122,1952121,4
4109,871574,4
1744,1030591,5
143,1361990,4
2699,1210773,4
1920,2376428,1
3917,224149,5
1768,1538516,5
2795,1706645,4
2200,1489393,3
4396,1891323,4
299,2338558,4
457,605079,2
1224,982211,3
2518,2487269,3
2456,1480571,4
3905,1192377,4
1255,43354,3
1615,2428259,4
482,904743,4
3368,2412588,5
996,1986877,4
1700,109377,4
1467,603331,4
1803,2640757,5
3624,2333914,5
197,2526785,3
3624,455745,4
4089,1753638,3
1066,2185896,4
2290,674262,4
1533,2184488,2
3778,184705,3
2528,607988,3
482,285092,2
4479,951063,5
3670,1926272,3
457,1476176,5
209,991385,4
1202,115087,2
3290,2497411,4
1466,202978,4
3418,458709,5
1406,1829276,3
3675,2558201,2
3427,1236105,1
3617,2213550,3
2743,213420,2
896,102575,5
3368,1001424,3
3624,2629928,3
4056,1480898,2
175,320623,4
2177,2573509,3
2200,8945,2
2391,202765,3
1585,1237097,3
4345,2597123,3
1467,1931937,5
1255,1274187,5
3418,721894,3
191,1552750,4
3925,1716656,5
3858,134594,4
3917,2510050,5
2372,1544677,3
30,1272822,4
862,2331082,3
2153,191999,4
1976,1085320,1
1642,616921,4
1316,179372,5
1962,1949011,5
1703,2501068,4
2290,2115801,5
1027,741852,2
3106,838584,4
758,1741568,3
1798,2272836,4
1470,860723,5
1408,2576863,2
3817,1460897,3
3385,981704,3
191,2604193,4
758,1342409,4
2152,2590462,4
2834,2541385,3
2465,183038,1
2798,2104458,3
3670,1361167,5
4266,1811966,3
2580,2002224,4
4415,428427,5
1255,2393074,5
4306,2609723,5
788,1784098,5
3348,2083174,1
1692,14403,4
1959,931651,4
1277,1594764,5
30,272544,4
1179,2407873,3
1220,1178023,2
3433,2090775,3
952,256278,4
937,190313,3
1975,2437010,3
798,658007,4
191,194318,4
1470,2648260,3
2617,2400035,3
1144,1298939,4
1615,458435,1
3198,995341,4
443,2647938,4
798,1906996,5
3864,1926389,4
2000,389609,2
2640,363777,4
2862,1076734,4
4356,2510967,3
3106,173369,4
3864,755743,3
3385,1361438,4
1650,556870,3
2580,606081,3
1102,1843135,4
3617,1971788,3
2112,370013,4
4345,394195,3
334,202925,2
1307,2245771,2
1744,2467626,5
3814,2436336,3
175,636799,1
4330,2424462,4
2675,213427,3
1144,87681,3
2389,2300174,3
2095,657607,3
3282,1252450,4
2922,613778,3
4135,1766478,3
30,685389,4
2371,588787,4
886,500325,5
2209,1358714,3
191,581517,4
443,692399,2
3626,1369262,3
1073,2149175,4
1905,932092,4
28,2281515,5
2452,2561941,5
2880,2508958,3
1509,2269844,5
3925,139657,1
2342,1949673,3
1650,920896,3
1962,1266214,5
1408,940516,2
3371,1140151,4
4068,855645,3
2360,1908565,4
4069,1460867,5
4432,1722093,3
482,264028,2
1394,2602923,4
4159,706873,3
4389,2018084,5
2452,2199854,5
313,1197042,5
2128,495542,1
3079,1430587,3
3728,2620793,4
1877,2095962,4
4369,1561815,2
2372,711681,5
2329,1671307,3
2580,990552,4
331,733859,4
152,1456376,4
3079,1351373,4
3290,391641,4
1359,1197987,3
3860,685717,4
241,501954,5
1406,676197,3
2342,1638603,4
1571,2208964,4
313,1922925,4
746,2472663,4
3106,806547,5
482,2525243,4
2460,162303,2
1073,57347,5
2012,259275,4
4420,1885578,4
1865,1895644,5
3825,1225506,2
334,940264,4
4031,544833,3
457,1284868,4
4056,1640655,1
3860,1075159,5
2430,465118,5
4339,789329,2
1799,1581640,4
3427,578266,4
385,1982727,5
4345,1966321,2
705,1171091,4
1525,303087,1
3217,699685,3
2800,160449,3
1428,1762756,3
3962,1599651,4
2734,697027,1
2875,580231,1
257,1111656,5
1165,1641753,3
1542,2463091,4
1625,1646113,5
2922,599274,4
3789,1846750,5
4389,1580943,4
3962,777484,3
312,764040,2
1837,1781198,5
2687,23602,3
30,2485566,2
483,2471666,4
1406,861227,3
2580,2631649,4
2623,1705060,5
2862,1812273,5
2200,2084519,4
607,1954074,4
1661,810543,4
1865,1239154,2
3350,919997,5
2315,725942,2
692,650797,3
1542,820145,3
1027,178127,4
1803,2632868,1
4331,2424657,5
426,755820,1
452,1109553,2
2944,318010,4
571,2126534,3
1046,1889646,3
3864,79498,5
2612,2539109,4
1542,1168471,3
4244,44490,4
3106,151927,5
818,275282,4
2072,1013696,3
1590,2431740,4
2920,1521960,3
2660,1297410,3
3925,940007,5
1832,1916277,4
3776,262231,3
2186,893014,3
3124,1788023,5
1760,702155,3
1650,2385577,5
1744,1677426,3
2128,2354798,4
1561,1755279,5
4080,1211121,5
3611,1432772,5
2617,1114717,3
1145,1729250,2
442,904400,4
2178,378328,5
175,1155308,4
3113,1473666,3
4429,1970437,4
2452,945086,4
1905,1526469,5
3648,592240,3
416,1733625,3
1305,2420001,3
3825,581459,3
1441,829305,5
2140,1216187,5
4479,1534444,3
1561,594870,5
1441,79861,3
1145,1060340,4
3427,807514,5
4248,246202,4
2940,2304974,3
2462,46222,4
3590,986794,2
2430,1428137,3
3715,1956690,3
2862,1457260,5
2395,2295734,4
1408,257501,3
3427,867960,3
4262,1553158,3
3756,71005,3
2938,1890844,5
2015,1356681,4
3526,2140917,3
4216,1631338,4
3165,206243,3
457,729335,5
2192,2554939,3
2922,69732,4
670,1294652,4
3267,268064,2
1180,2276110,4
4479,1655807,3
2992,633730,4
2495,1438232,3
3942,1072424,1
2095,299218,1
1110,1586801,5
2465,166041,5
3960,245226,5
46,1903123,3
2395,1462488,4
2290,1017686,5
208,2062100,1
3923,83874,3
1744,2454824,4
28,654636,4
494,851102,4
3920,1084484,2
66,305344,3
4356,1630952,4
1799,2125278,2
3463,2633465,4
2269,1912389,1
108,1001353,3
468,1344724,4
1931,257445,3
2120,380992,5
2660,1962903,5
3612,928455,3
1542,1515952,4
252,2407767,5
4472,298538,3
1962,860305,4
1759,547411,5
329,2010566,3
4330,599985,5
4488,1034379,4
2849,1988735,3
2862,2530396,3
175,1043035,4
571,30889,3
4287,305800,3
30,973137,4
639,959291,2
2452,775450,5
4418,423990,3
2122,202336,4
2698,1065445,2
2465,1201148,5
1425,1734231,4
2660,57761,3
4429,897967,1
3333,2044376,3
3427,2073211,3
571,342920,3
331,825002,5
3701,1117152,5
3648,1946983,5
3583,747960,4
4356,349653,3
2372,809831,5
1144,2077906,3
3648,936873,3
3290,23051,4
2391,94112,4
1201,2045949,3
3168,2184474,3
1144,831375,4
1307,599070,4
3138,1765537,4
3900,1789873,2
1803,1799009,4
2016,2252039,5
2486,337793,4
3256,1011011,3
1307,813270,2
1650,2594899,2
1969,241068,4
3860,2436249,3
3254,1236468,4
1975,2556523,4
2200,1789535,3
1174,1159919,3
1693,606453,5
3198,994330,2
457,702104,4
1123,1421254,3
2212,1609999,4
2705,135785,3
746,540824,4
2137,1556097,4
4356,341963,4
3255,997402,3
1073,261117,5
896,2646347,3
4411,2068118,4
3320,1422990,3
489,722980,5
313,1653951,4
2913,2611983,5
2862,853876,4
3756,1388677,5
4185,767182,3
1542,296578,5
636,1662477,3
3253,2260106,1
896,954228,3
1590,703929,3
658,537732,4
2174,969495,3
1394,1517889,4
3265,910339,4
1707,1948736,4
2391,1111995,3
3165,2279990,3
405,550813,3
1799,1538393,4
2452,1842990,5
353,30893,4
788,936918,4
2612,1220522,1
299,1751557,5
2015,516823,4
1615,2484128,4
2186,2175060,3
746,1422032,3
3925,2527579,2
2613,2498579,4
3418,1589995,3
4302,1316430,4
2804,2299723,3
2572,1286291,4
1905,1381233,5
1518,998834,3
3905,336239,4
3342,1475515,4
473,1806931,5
199,2529942,3
3541,2457445,2
199,306960,2
4330,811346,4
1810,2574175,5
2612,1890058,4
1754,1814734,4
2559,1092521,3
3917,625012,2
4393,1213041,3
3151,666438,4
3925,1359033,3
4356,1760604,4
3320,189168,5
798,1950023,4
3950,307483,2
4290,1749255,4
2104,1153256,3
1843,1120853,4
1392,2121798,4
3315,928208,4
2430,2368215,4
311,2206870,5
2000,2109301,4
3715,96572,3
83,457326,4
1591,1156026,4
2612,1733262,4
2675,1107099,3
2152,240517,5
3168,214959,1
1744,1828365,4
2443,2094731,4
819,591288,3
2690,240399,4
984,1944201,3
4432,542862,5
3825,1282044,3
3538,2172303,4
3290,306564,5
1856,181364,4
3256,2503777,3
1271,2406766,2
701,368786,1
2465,2103314,3
1700,2439009,4
1110,831790,4
1100,2062350,5
3333,753673,5
1542,2130811,5
1693,1791361,2
886,2580792,4
3427,2231842,3
3225,815079,1
2000,2585641,4
3917,316733,5
3282,966033,4
3098,530789,2
2135,1000773,3
241,1298511,5
2755,973206,3
3648,2319604,4
3282,1120738,4
2372,2072086,4
3368,360872,4
693,1301764,4
299,623313,5
3962,1249523,5
3356,2209885,5
1123,145069,5
4474,1638833,3
3954,904898,4
550,1441444,5
482,1642255,3
2209,1962892,5
311,2413156,3
299,770567,4
361,2012341,4
4468,263898,5
1174,2057973,5
2783,784766,4
2660,1726327,5
2660,1649290,5
3925,898119,4
674,1819296,4
138,554271,4
3463,330984,4
313,1616284,3
3106,411286,2
2332,175138,3
1470,2390575,2
708,2548232,3
1466,2232703,4
2372,1381974,4
1865,674895,2
108,1538347,4
1939,2069419,5
4353,2093473,4
3860,1117018,2
2554,274650,3
4123,586022,4
4454,293417,4
4141,2048390,1
2437,1921295,1
2009,2533118,3
4384,2103116,3
1,1415954,2
1798,1116377,5
1406,708495,4
3427,776832,5
4123,257823,3
378,16800,2
4393,1049266,4
2012,2024193,3
4432,1762105,4
2102,1094358,5
1145,141286,4
2407,773694,5
2913,1307564,3
2443,531630,3
2252,1938102,4
516,1741139,3
4248,1622890,5
1832,1779144,4
4123,2070160,5
2400,282887,2
759,1517141,3
3451,1543823,3
3427,1242594,3
563,6862,4
2200,1079142,1
1226,1125519,2
4253,508894,5
1687,673714,4
2913,1604812,3
3079,1950010,5
2122,1566539,5
3840,1931046,3
3437,752853,5
645,2085007,5
2302,2787,3
4266,1039782,2
252,559558,4
1865,2554605,3
468,575110,3
3860,2610154,3
3312,858870,2
4271,289710,4
442,2041063,4
2466,1200413,4
4157,614407,4
571,1365654,5
2300,348661,5
3703,869468,3
2340,159425,4
919,772306,3
55,224795,3
3936,503434,2
2874,369930,3
4356,303627,5
1022,1120003,3
1746,2173152,3
3313,1006156,3
2566,2290349,4
2173,1401726,4
2660,2052563,4
1798,2001249,4
3936,1028463,5
692,2028381,3
4056,2295978,2
4345,739525,3
1126,1126040,5
3093,2539735,5
1622,501211,2
2212,1876634,3
1798,183689,4
2922,604404,5
3267,234484,4
2371,737728,3
629,1471629,4
199,1320675,4
2452,772738,5
2372,919041,4
4306,1623794,5
357,759560,4
1145,1772293,4
1542,179516,3
216,1458707,3
3624,2167824,5
1467,64917,5
3684,1008234,3
2171,2217725,4
3047,1137666,3
1561,1888186,5
3917,1826823,5
2862,2592539,4
58,2484060,5
919,1493851,3
2554,90012,2
331,298538,1
4345,1178182,5
1435,852418,4
270,855845,5
3232,2362776,4
4432,1316400,4
3938,2466255,2
4345,111885,5
1703,1906608,3
3917,1382814,3
4306,342512,5
2178,2609159,5
4393,552955,4
3730,598781,4
3864,559971,4
1599,336413,3
312,2400129,5
3962,2384242,4
3017,680515,2
3282,1826520,1
1220,2608284,3
758,2405268,2
1877,2469079,2
416,823925,2
886,2303360,5
4432,2147072,4
2177,2464602,5
3138,1304793,3
2605,1151030,5
1719,64295,1
4432,2319056,4
3925,404989,3
4328,229439,5
118,1599407,4
4432,174329,4
4392,283345,2
199,1883836,3
2612,173092,5
313,2196792,4
3021,1111943,3
985,305910,3
334,1943147,3
4341,1113868,3
1983,1636513,3
3463,1930640,2
3972,1826163,3
2302,604335,4
3890,147889,4
457,216588,3
3285,1266603,3
1470,1415733,4
3253,2622281,3
1877,986561,1
2182,1590443,3
3414,1830973,5
4315,1728187,3
197,2279247,3
2072,342330,3
2862,2219131,4
2095,67134,2
483,1211498,3
2186,1267349,1
3000,1335031,2
2452,1417696,5
940,1687642,3
1854,635915,4
4109,2261406,3
3638,1223413,3
3624,1334910,3
3903,807768,3
3814,101035,1
2342,1814147,4
288,2289197,3
3612,220906,4
3938,164768,5
1962,1970840,4
1110,623385,5
2112,2449942,4
3650,2495253,4
2913,1090634,5
3925,752452,5
406,2089082,5
1962,1202824,3
360,1739230,3
3148,2191975,1
3427,296078,3
2072,1007360,3
528,196140,4
1803,716398,4
886,1715877,4
416,866475,3
788,1700597,3
3371,1992573,4
1642,2026251,4
1401,1688478,3
607,887252,3
2129,2493839,5
1267,2278608,1
1902,2051278,3
1833,2100741,3
1428,1331862,5
1905,1418333,5
3648,1343381,5
2112,1732882,4
1074,110288,4
406,1415232,3
3626,783180,3
3475,2198129,3
30,1241565,4
2735,2504876,4
937,1494429,5
2499,1104512,3
483,2198039,4
3648,2512828,3
2095,2617117,5
1098,2378998,5
1332,1621089,1
3650,2291305,5
3893,406717,2
3798,1992077,4
3611,1505977,2
3860,198243,4
2122,1942473,4
489,2483569,4
2913,731462,4
4109,78398,4
629,216190,3
1719,76444,4
4262,1451007,4
1682,867366,4
886,1915873,4
4095,716732,2
2152,1053565,5
3962,503434,3
2200,1697785,4
2782,945901,4
896,1466266,3
3917,1022225,4
3309,576569,3
4488,1097783,5
483,2554486,3
3427,1957943,5
705,719055,5
2572,2272721,5
3368,1613423,4
483,635407,5
1661,2636398,4
2456,97704,3
3254,2109649,2
3368,2390967,4
993,1772465,2
829,2622129,5
1307,1669689,3
385,2537879,4
1693,653377,2
2342,1922797,4
2782,834358,5
717,1095359,4
1428,2532629,3
4402,2346201,3
3148,2150322,4
2059,2285967,3
241,1636045,4
4260,1583631,2
1959,2219187,4
2342,2212242,3
3385,1632041,3
4353,1335912,5
3925,1337502,5
2612,995689,1
3290,2625985,5
645,1614633,5
4284,921009,5
3565,726634,4
3079,119287,4
3668,911304,5
457,1328951,5
334,2460218,2
2434,1437348,3
2617,2524705,3
798,1084291,5
1803,667102,3
77,513398,2
3510,1193835,1
937,536737,4
3579,325768,1
1550,1513080,5
2144,719223,5
3936,1512848,3
2112,2111693,2
1975,1001353,1
3254,1614749,4
2470,1279398,2
1659,1682169,4
3926,139918,1
3875,699705,5
1307,2640636,3
3463,306447,5
2152,953110,5
331,617970,4
3526,1298173,3
1926,860697,3
2780,1484157,2
3355,1922996,4
3825,1018210,2
1044,1489623,4
3648,542153,2
563,171232,3
1840,973280,5
1307,1204638,2
3198,1839881,2
3860,1681834,3
1792,2475820,5
1433,123091,3
191,1421149,4
1682,116563,1
4216,2424911,3
4490,1207334,3
1220,1605937,5
2456,420141,5
1682,1590849,3
1148,2538123,3
896,1712043,4
886,2035903,4
2053,1799734,4
4216,2195286,4
191,263150,5
2566,766285,5
3333,1867296,2
3605,1228831,4
2470,549109,4
937,926561,5
1307,932046,4
2391,1827580,4
1865,2544521,4
4488,1338631,5
1424,1863536,4
4302,1873292,4
1470,175179,4
2112,1340199,5
1220,139942,4
859,2290732,3
3938,710757,4
4266,2209931,3
2465,1520095,3
1144,400649,4
3894,1645535,4
3742,290342,3
2595,704901,4
1238,2468830,2
2391,2581394,2
1405,1902838,2
3403,62759,4
1585,789517,3
2372,114441,4
1110,74531,5
3610,168479,2
2372,431725,3
964,770004,3
331,1262376,4
3862,36629,1
3685,1733289,5
313,538677,3
3758,610615,3
1719,87932,3
2043,833271,2
1428,1097048,3
3638,171163,4
4356,669635,4
118,1042938,4
257,540803,5
3368,1336448,4
3161,1274788,2
1324,2297654,4
4266,2069436,5
3151,1099749,2
2940,1360896,3
1659,524672,1
2072,752853,2
3605,1977572,4
2372,730674,3
1798,216947,4
3860,1226635,4
1406,1425766,3
311,243304,3
2519,1963458,3
1455,2379593,3
3890,124669,4
1202,1885982,4
468,545374,3
492,877320,3
2173,1875549,2
2315,1533535,5
30,1689683,3
299,409533,5
1513,180858,4
758,1394567,3
2371,454329,5
1770,432259,5
1324,264988,5
361,1404635,5
3160,2145993,3
1104,1506841,2
313,912309,4
1282,308602,3
4339,1909219,4
3421,1764071,5
83,2345110,4
1450,920963,3
1046,1013402,3
1220,2546815,4
1435,1532642,5
798,1091645,5
30,2585339,4
3463,2056980,3
985,1416332,1
1092,1498913,3
829,2088282,4
4432,2239462,4
3216,583086,3
4474,2195845,2
2457,79999,3
1102,369446,4
1145,1604837,5
886,113313,5
2200,354831,4
1579,1914959,4
4080,882071,2
1314,2497742,4
1502,2616077,5
3579,642063,3
2000,680352,4
270,1485211,5
2135,1312442,4
692,200645,3
2372,1573113,5
3301,574990,3
1428,316149,2
3638,1021387,3
3557,669665,5
3756,364204,5
3796,2090005,4
2317,214848,4
2574,1251664,1
3875,1003369,4
3357,40121,2
1810,1987191,4
1307,2464416,3
3368,1153732,3
1819,1014406,4
30,1105830,5
2251,1507727,1
1642,356264,4
2771,1793343,4
353,1120902,4
3972,663654,4
1435,1964735,4
2678,1847771,5
488,1906808,3
1220,2074899,3
1975,243398,3
2422,886711,1
3312,1652974,4
3254,634700,1
1615,750853,2
2152,1425494,4
1962,1396071,5
1363,860836,1
2371,701179,5
896,2385772,1
313,1847606,3
4109,1394815,3
2443,961078,3
4339,1768677,1
607,928245,2
4432,2505514,3
2348,2005741,4
1098,1868998,5
483,1148083,1
2104,1507291,2
58,2327775,5
3397,537732,3
3925,1934980,3
994,189143,2
4306,1146837,4
2779,1070671,3
798,2412372,5
3427,1691484,5
452,1621746,3
2643,267806,5
2045,1701859,4
4393,470369,4
3825,2477132,3
1191,754257,5
3212,2440200,4
4163,1908103,5
331,1331154,3
1754,1718418,4
1324,1306404,5
3936,2201132,4
2342,338424,4
788,2015904,3
2862,1460409,5
3287,2447961,1
3626,1838542,3
111,291390,4
197,1908557,1
77,1384735,3
708,1592647,4
3282,1664016,3
1962,926579,3
1542,887536,5
3917,1483897,4
4472,2500287,3
3824,38081,4
2756,454549,4
4392,653619,4
3385,933250,3
2457,1817522,5
550,1623078,3
1642,1597736,3
3626,627435,3
3371,161299,4
1175,826722,5
3824,1833221,4
270,158924,4
215,1845265,4
2862,2004105,4
4380,2001029,3
313,1022105,3
483,1734216,3
3684,2201566,4
3642,541119,3
4266,1193400,5
3938,1555970,2
1744,2118803,4
1905,569844,5
3890,681178,5
3670,1556216,3
2503,416881,3
2913,2590751,2
3925,2444217,3
2727,1518446,4
4356,327483,3
832,1831058,5
4109,2397286,5
357,1321596,3
2122,2294864,5
4369,2566853,2
269,1183406,5
1428,481813,4
2757,953306,3
631,1259009,3
1307,904658,4
483,2057545,5
2114,1338353,3
3817,1812909,3
2701,542599,5
3418,2048095,5
3624,1240085,3
2942,776939,5
3467,411083,5
2478,617049,3
2809,821578,3
3638,298134,3
4227,1232722,4
4063,458514,5
1305,1535366,2
4256,1090939,4
2112,647216,3
1659,2515945,4
2687,1235099,4
758,2072282,5
3826,2429925,5
2890,197025,4
482,1240730,3
3079,1842351,5
3314,1739082,4
3333,830707,3
4135,2190913,3
1719,2389578,3
186,215082,3
2128,916421,4
4306,1376339,5
2152,586662,3
405,1244949,5
1865,2019190,5
1406,2074266,4
4171,474656,4
4356,284919,3
1466,2405268,3
83,557646,3
3936,2634468,4
30,2535581,4
334,83902,4
1744,2638601,3
175,2597494,5
175,835932,5
3782,872734,3
331,2227999,3
3870,1876574,3
1441,393966,5
3463,2490848,4
1646,1365805,5
2862,2484338,4
2699,2007083,2
2690,911766,5
3825,1958509,4
3713,17069,3
299,2355981,5
4488,267880,1
1073,2063807,2
3463,2337405,5
30,425067,4
108,2067518,5
3782,1954658,5
207,2488984,1
996,2595827,4
3290,1268583,4
270,1099626,2
111,1264009,4
1476,2043072,4
4089,2130480,3
191,1293245,3
4144,440789,3
2228,794021,5
1974,1138333,5
798,1789343,4
361,968184,3
3782,1402058,2
197,2272452,4
3817,1608960,5
3579,1399972,3
1324,958067,5
191,2096865,4
2379,216312,3
1044,1456729,3
3165,1243074,5
4315,691529,2
4135,237016,5
2456,1921701,4
3579,1288963,4
1042,351005,4
2612,2381772,3
30,1444198,4
1754,1288835,2
2152,2642451,4
4302,1973744,5
3275,2449915,4
900,851102,4
3321,1273231,4
1564,493587,3
1969,796847,5
3368,1538815,2
1148,1462792,5
1905,1222274,3
4159,157999,2
2122,1694402,4
3648,2278297,3
2016,568368,2
3825,401878,3
167,659917,5
3113,2976,3
1180,2342203,4
692,872647,4
58,726543,4
2001,1363305,3
2782,983533,5
962,427357,2
2960,1939065,2
2304,1493361,4
3965,1320018,5
1865,2048276,1
1666,712297,1
2040,929640,5
4306,2640780,5
3538,799890,5
3222,1613378,5
3113,2432433,4
2342,1027550,4
199,1318951,1
1962,1193479,5
2612,1861440,4
1962,2629453,3
571,988271,2
3962,149857,4
3900,1249280,5
3613,1225348,3
2699,2600259,4
517,865391,3
313,1890736,1
3875,1787324,5
571,887633,4
3355,770296,4
313,219377,3
886,663252,3
3265,520286,4
2470,1490287,3
1972,1655837,5
4401,2470470,4
2874,2020964,4
2751,680195,2
2122,95235,4
3113,1374068,2
4043,1396502,5
2314,1316284,4
329,952147,4
560,1033815,4
1428,1338348,4
2430,1011093,4
4432,382906,3
4219,2565354,4
4225,1076915,4
2533,952694,3
1890,1711215,5
2782,2265293,4
3730,1534785,4
3119,2139874,5
2304,2294543,4
1175,2378920,3
4374,600804,4
730,1035326,4
283,1720661,1
3282,548020,3
4389,1347425,3
3949,1252150,4
1467,1646639,4
1542,2191283,4
3782,566587,4
1180,232377,5
3624,2119220,4
2161,76196,3
1610,78846,4
1509,1319688,4
963,455711,4
2578,2492735,4
3650,958464,3
1744,2635620,4
1202,2333686,5
2572,1071547,5
758,2014111,5
270,627655,5
692,1749850,3
1798,2512180,5
3441,1386447,2
1599,992346,3
1110,161373,4
4384,2536547,3
358,1745870,5
1668,1416989,4
2809,2450993,4
2922,2165989,3
2890,2603700,4
2660,2172052,5
692,1910038,3
4454,1015259,3
1799,244161,5
2449,1664385,3
2290,1746925,5
2751,2393992,1
3755,1879665,1
2112,772619,4
2391,380849,3
3840,1065494,4
3071,1345167,3
2640,1473445,2
1180,2300882,4
3668,1865114,3
4306,1069639,4
1962,759370,3
4042,2555277,3
1180,321901,5
2782,1862079,5
2095,909813,5
1202,2638753,4
3256,2533726,2
4330,841292,5
2890,2124644,3
3427,1288676,2
550,2424986,3
2699,867419,1
2152,1321915,3
4074,1180657,5
2371,901648,4
4266,1183392,1
3098,149028,2
2783,3321,4
3638,696464,5
3730,1880534,4
3161,2193912,3
4043,2055315,3
3320,262036,3
2782,1340076,4
1890,2038926,3
1798,2246362,3
4282,1032488,3
1476,2160306,5
3010,1877483,3
2743,1235786,5
3538,294826,5
2152,1492675,3
1956,1145152,2
1307,1937491,5
4098,2381703,5
629,138544,5
1145,315100,4
3303,1945341,3
1962,1103590,4
2690,198636,5
329,986372,3
818,2624195,2
1466,556582,3
3505,1606520,1
3333,1774874,2
543,681433,3
708,1009263,3
191,1533444,4
1632,854721,3
1561,1732189,4
3624,519635,4
1682,2263982,2
256,1492198,5
4315,1448459,3
305,676684,4
1561,878979,3
1962,691661,5
3807,91408,5
3347,1519118,3
1406,2150678,5
2430,1537385,3
1145,65766,2
83,1627310,3
571,469349,5
2699,257457,3
2940,2463999,2
97,213924,3
1798,747810,3
3670,2564428,3
3648,2640278,4
708,1322031,5
758,208563,3
1042,209494,4
3670,2012675,4
2743,724328,5
3860,1451893,4
2192,2462935,5
2178,2430275,4
4068,1878042,3
4488,2358362,3
3538,1756427,5
831,2108491,3
1832,1574156,4
313,1494205,4
1435,939299,5
290,594940,4
3903,1035611,4
1650,1160505,3
393,2485642,4
692,2147779,5
750,628799,3
1542,947935,4
1798,1964408,4
1470,1241805,4
4248,449363,4
3541,247405,4
4260,1682604,2
1615,761197,3
1020,191090,5
1962,399842,2
2342,1209244,4
2612,2592137,3
4043,1787104,3
2016,2222031,4
3960,820435,3
175,1371426,4
1102,605165,4
1625,1640850,5
3962,664920,5
922,1098510,3
1289,897692,1
1969,2054918,4
2782,2118929,4
83,1513680,3
175,2315680,3
1336,2423640,3
2095,1247307,3
2617,1684202,3
758,1797997,3
554,905537,3
3541,43293,2
2251,275700,4
4043,1018789,4
3433,2343269,3
595,1733459,5
798,1630633,4
1971,2569115,3
4306,313962,5
3347,2084925,4
3113,904084,5
3864,1326244,5
571,1369294,5
3583,1402612,1
3605,1948450,4
629,616417,4
1180,1584031,4
4123,2078942,3
2391,1193882,3
3833,2455433,4
2342,1369674,5
2873,1995860,3
1140,2082323,3
3825,1854387,4
4070,1706218,2
3090,2029460,3
2452,671879,2
1922,1928964,1
1110,1787166,4
1682,2156263,4
2465,1579164,5
1664,1259725,4
629,2286536,4
2773,2237068,4
4219,988804,4
1974,1772565,4
1180,573210,4
1050,406948,4
1256,2061023,4
191,2408780,5
1792,1424487,2
187,1299355,4
3369,1825531,5
1590,1762125,3
3742,644100,5
4266,2543415,5
4355,2518403,4
2443,1868065,3
2913,766546,5
1174,1050200,2
4043,1313646,5
602,269365,3
3824,2527569,1
3728,1476822,4
2913,1346089,3
2200,482362,3
4369,363868,3
4266,884787,5
4033,437919,5
331,1873356,5
2151,400440,2
3605,2442586,2
1307,1044325,4
1277,2162676,4
3106,2386315,5
2675,1476557,2
1089,400303,4
1202,1260804,3
4159,931475,3
2122,2587074,5
798,1346432,4
2757,2481504,2
1428,1270057,3
4306,1021700,5
798,1941369,5
3151,1235119,2
4472,2514857,3
4306,1959707,5
3414,2386510,2
4432,1487729,5
313,84918,4
299,1410134,3
1026,2260332,3
2326,1293514,3
1202,477659,5
3787,2290452,4
3917,416914,4
457,1365484,3
3962,2059575,5
313,308090,3
1795,2071873,5
1590,1364146,3
2452,2335061,4
4345,1000084,1
191,2437565,4
3638,1564576,3
1765,1277678,3
1172,1046566,4
1578,2603398,4
3860,1917274,4
681,391256,3
708,2062273,4
1865,2158579,2
1700,2596410,5
3282,2467457,4
2172,1571382,5
646,1156035,3
2699,31813,3
1220,2449531,1
3153,1319064,5
3522,1034156,3
2457,1953616,5
3463,2269919,4
1220,2092725,4
2304,1805679,4
725,440606,3
886,896114,3
4141,2296658,4
1650,2290978,2
2751,565401,2
711,1309349,2
3239,2458276,5
2102,2079908,5
2016,2590848,4
1201,835864,3
3624,1373118,5
1220,718197,5
3860,743611,4
3290,788408,5
1542,1397957,4
571,82369,4
2443,2523237,4
3274,575254,3
4056,674526,3
556,1639792,1
571,25066,2
2391,2592844,5
2580,2246989,3
1145,2572548,3
4256,840055,4
3282,2627800,4
789,1679839,4
798,1895556,4
1659,137293,4
1259,1063436,5
4080,2364018,3
1470,2179024,1
2001,2089791,3
1650,1366350,3
4355,1622035,2
2866,1200307,3
305,1053860,4
2809,887890,3
2473,658943,1
3404,1840584,5
3840,2382246,2
1975,2404298,3
3623,1740879,5
994,133670,3
3670,1319112,3
3860,1043055,3
3017,971459,4
758,1931920,4
2122,2224201,5
2862,785608,5
3015,1356239,4
2152,816179,1
1148,847585,3
2532,2167752,4
953,529629,4
2862,386504,4
4372,2048276,4
3701,1307723,3
1220,1053463,4
3935,837133,3
1884,2080851,3
4227,1303962,3
3912,1265720,3
3899,211579,4
1307,2166473,1
311,429604,1
1638,1612901,4
4056,1239994,2
2552,516686,4
3624,1308886,4
4345,1418521,5
1816,285250,3
2782,1772633,5
1174,216779,3
1329,1275703,5
73,1805874,4
4306,2191973,4
1102,645921,5
3226,127061,3
4302,2265316,3
3756,1122282,2
3686,547029,2
1615,458861,3
3151,1877602,5
3610,973206,4
571,188415,4
3113,666586,4
1220,964086,5
1743,1104484,4
607,989268,4
1435,2530403,3
692,1036836,5
313,808189,4
255,253065,4
2192,2001520,4
1336,2622042,4
1659,1615654,5
2441,1837671,5
3936,2346006,3
1860,1485095,4
3864,2128068,5
3197,1587543,3
1939,2049525,5
4355,1192040,4
1425,1778396,5
473,1193917,5
494,267988,4
1819,979169,2
2783,1372938,5
607,896338,4
1962,1406678,3
3165,2204941,3
781,2232544,1
483,771805,4
1145,904331,1
880,1749122,3
1650,2627765,4
3962,416249,4
499,2038697,3
3611,1389633,3
2332,173970,3
2462,628650,5
1902,1763952,4
299,494486,5
1073,334119,5
197,2611785,5
4356,529583,3
3437,2522148,3
3079,2145934,5
3181,1367906,4
1865,1624829,4
1905,2287402,5
483,50075,3
3725,2128219,4
1832,1441724,5
2152,1812977,3
1367,766483,3
3161,2641801,3
2862,814660,3
2862,1224367,5
1289,988674,4
2139,749794,4
2913,69296,4
2800,2513491,5
1754,1050096,4
2495,133748,2
197,1882000,5
2095,2227900,5
4402,62759,3
4306,1447185,5
2897,897502,4
4268,2610520,2
886,210163,5
1116,2526370,3
4123,862045,4
2640,2611980,5
3085,1330144,4
3807,901650,4
2462,787081,4
3151,2607171,3
2498,1030733,3
2178,2294419,4
1590,1841894,5
2200,2465113,2
191,184888,4
1918,2616413,3
1180,699662,5
3938,2253871,5
3355,2354947,4
1110,2558240,4
1145,2252979,4
1428,928724,4
2862,759944,4
900,2562888,5
425,1122486,4
1204,1693596,5
406,442820,4
2380,940434,3
483,189312,5
3825,1241149,4
3282,706164,5
1719,2292507,2
733,1033433,2
2144,180537,4
2462,1074677,3
3153,784007,4
4472,580700,4
1220,1256816,2
2876,258319,3
1428,910119,4
2430,449953,4
3151,755612,3
1144,1664953,5
313,138027,3
1976,1156254,2
2965,443091,1
1307,233735,5
2800,68246,5
3825,1864975,3
1799,2416568,5
1918,1000678,2
4302,203817,4
2372,1106380,5
1810,2622090,4
152,909432,4
4306,950169,5
2988,981938,3
3350,705213,4
197,1129621,3
4109,1814516,4
564,2441155,3
2782,1922492,5
1191,764785,3
1144,2296939,5
635,173048,1
3640,1957972,2
1255,1193743,4
4127,1002273,2
2371,2344810,3
2780,1949119,5
3825,67813,4
2395,2288845,3
2578,1785359,4
4171,152955,3
2095,170901,3
2580,1752722,5
3058,1201979,5
3893,557224,4
4384,1927387,4
4263,2246826,2
2174,1672832,4
3534,847611,5
138,2343603,5
3385,2628604,3
600,2023996,5
329,1288968,3
1145,568205,4
3333,1496860,3
4364,2508198,5
1073,970586,3
143,924399,5
4306,169471,5
1220,2300899,5
4353,2582525,5
3463,735103,4
60,2118461,3
3106,1216313,4
2612,903761,5
3825,2216240,5
2699,837795,3
1939,709843,5
3489,2574115,4
4262,2481963,3
3333,1183144,3
1220,1366893,5
4315,1949178,4
1110,1336140,3
758,1687862,4
2457,16583,3
3758,1500112,3
2734,463972,3
4356,2215305,4
2128,705645,5
3151,2604846,1
4432,2156835,3
1709,918708,3
28,677710,4
3282,1733194,4
197,1927730,4
416,1672270,2
3402,1877590,5
1682,1255219,5
3463,1675395,3
3713,1564195,5
4393,2450433,4
708,438533,4
1180,1901496,5
3138,1444941,3
3342,1709208,2
1768,1297031,3
2660,98751,4
2188,198824,4
4364,2426928,1
660,2498989,4
1905,668868,2
1220,2549416,5
3782,1542492,3
3925,2162752,3
4123,2470709,1
3917,1362508,5
331,409192,4
95,1311534,2
2743,396418,4
2372,1568650,3
3962,1891484,4
3138,811882,3
2391,1909041,4
2554,62694,5
3138,218343,5
723,72255,3
2782,2337937,5
3579,2376217,5
1138,402432,3
4472,249021,4
1470,2068869,5
3541,1772328,2
3860,1235543,4
4266,128300,4
1552,2544886,5
1202,151666,5
1180,1954547,4
1542,969812,2
1110,335994,5
1799,1582510,5
3610,1151461,4
295,1790042,2
8,2450914,1
4266,516159,4
1625,1920758,5
1637,2089827,4
3017,1383987,5
3151,1718469,4
4479,319258,5
1661,196091,5
1810,2294319,4
3862,935581,3
4089,711362,5
550,178148,3
3489,2248543,4
3763,2100574,5
2554,2177340,5
872,2592095,4
1365,2365380,5
2395,1150035,4
4472,1231740,4
4123,1609975,4
1180,68462,5
2594,287199,3
2290,779144,4
313,1609834,3
1901,962276,4
2178,2582726,5
329,2644945,4
2495,2048841,2
1145,863635,5
2913,897171,5
4278,864647,5
3198,1110261,2
1962,2614928,3
2452,1281248,3
2200,1365672,3
2114,813498,5
4299,589461,4
3650,508927,5
4149,679947,3
2015,1422436,4
708,2091495,5
760,1527295,5
329,2316963,4
1754,373433,4
3197,1721775,3
2462,2051858,3
607,1207662,4
3151,1260100,3
2594,2430192,1
908,526746,5
2173,1327439,5
2680,1013077,3
2452,1303348,5
1220,2451661,4
2782,1164837,5
3285,2502180,5
3368,2383502,5
2782,153907,4
1470,1104682,3
2612,144392,2
257,1077336,5
3905,2514634,3
3433,79967,3
2202,85856,4
956,1139355,3
952,1534422,3
1816,1778492,1
2342,1690455,3
2136,2621826,4
2465,2404849,4
3798,1771252,3
3611,1749437,3
2942,306431,5
1267,172191,4
1615,440203,3
2462,1705330,5
2988,1874777,4
3217,1516019,4
3662,1281996,4
1144,685627,4
4490,764837,3
1467,842789,5
3427,41480,3
1466,2496715,3
1542,795512,2
241,2320879,5
1305,149891,3
1123,1743555,4
2675,1840502,3
2409,2398116,4
3106,2191853,3
4216,167125,1
2178,81437,4
1561,141370,5
3324,1248801,3
1502,1065779,3
1962,129458,4
2580,224584,4
4260,1593063,4
533,1942759,5
1144,2316686,4
872,7837,5
4306,961713,5
270,628966,3
734,1411052,3
2737,1424050,1
607,1801723,4
8,1378602,3
1905,154617,5
197,408218,4
1703,528423,5
1391,1121386,3
2430,1821201,3
1798,385606,5
4262,1927251,5
1642,2060998,5
3825,779806,3
3860,1573711,3
2960,469447,2
2452,165413,1
3368,1746193,4
4157,2239682,2
798,1759116,5
334,2248046,5
3333,2251724,5
1073,2627243,3
3106,1253341,4
3523,2626247,3
2499,24830,3
1646,2486015,4
3571,1363597,4
1080,953586,4
636,1495978,4
257,1127936,5
3705,1688068,3
331,325680,3
586,646392,4
1542,1283802,3
1800,1265764,3
2675,2173051,1
3905,1502703,5
4315,1690520,3
3151,1770320,5
1412,285009,4
1783,65286,3
3071,655601,5
3371,2454777,4
1336,1413367,1
571,815265,3
3463,1725451,3
3925,256890,3
1845,208972,3
1810,2446428,4
1798,1540782,3
2580,1762881,3
3463,1283245,4
2868,1578281,2
4123,679445,5
1798,1813856,4
457,635159,5
4384,990851,3
2874,777805,3
1642,2092891,3
4123,369550,3
331,1428871,3
1542,936684,4
1255,600383,5
197,630952,3
2782,1648347,3
2139,2170521,4
2613,188327,5
3796,2402990,3
1307,2518319,3
3938,189861,4
2152,259416,3
2218,2495108,2
1130,2156492,2
4284,968055,3
3541,1618381,4
3538,2452372,2
1255,687578,4
413,1969251,4
3966,1550976,4
1044,2545730,4
2595,397923,4
4080,1098431,2
2152,2557277,4
2351,1910320,2
1594,2409708,4
3446,126369,4
1467,1705674,4
3005,1883413,5
3962,1232706,5
3917,2317367,5
4123,560631,3
2375,824133,5
1862,1325739,2
252,1203405,3
2009,220729,3
2167,565372,5
1314,1568774,5
2016,1385728,4
835,2276790,4
3312,1153564,4
3526,1298629,3
962,706897,3
2252,1567792,5
2953,1017918,2
4227,2305671,4
3875,584967,4
223,2489065,5
1305,1079323,3
406,397126,2
985,1500145,4
3151,1201131,4
1905,1928542,5
30,1463901,5
1865,1639504,2
3161,914375,3
1428,867800,3
2580,1466362,4
3818,982331,3
353,2432896,3
3427,2376306,2
708,313340,3
1615,931395,3
3427,1941098,1
3256,117801,1
4216,2128048,4
2311,629432,3
255,2160278,3
2992,1284007,5
582,2396388,3
2660,1623272,4
1220,1358866,5
4366,962564,3
418,1726521,3
3962,584078,5
1295,2146325,5
711,954353,3
3725,1547560,4
1798,1827859,3
788,1825497,4
1561,2648056,3
3925,235553,4
1983,169348,3
457,224992,4
1102,1248594,3
1542,1867850,5
4432,796494,4
985,2627128,1
3433,123105,3
2913,1547288,5
3624,572498,4
528,189297,1
3605,1132792,3
1307,1740901,3
443,1328028,3
1861,2424587,4
4056,2600731,3
3106,2377341,3
3106,2517706,2
2290,1071260,5
1138,1011236,4
1645,2091625,3
3624,413335,4
3017,986631,5
3077,697534,2
3282,529060,4
1502,237162,4
4056,1407228,3
4392,1617293,3
1073,1343443,4
1645,797655,3
3710,2253294,3
2960,2557834,3
1324,2109010,5
2960,2571885,4
241,1660356,4
2155,188945,2
2518,241068,4
4356,1469306,2
3058,799656,5
2178,1983000,5
3925,1103969,5
2617,1972444,2
357,771414,1
1144,2346063,1
1833,1907018,4
3987,2199837,4
2430,338403,4
1180,2184523,5
4306,238896,5
798,668716,3
832,1061153,5
2122,2475632,3
3385,239518,2
4216,2618087,3
3962,1927676,5
3414,2079484,5
2192,1292216,3
4216,2613674,3
1642,2555117,4
2960,2370261,3
2754,214748,5
3324,2179177,5
3433,384720,4
457,951910,4
3334,1103758,3
3638,691200,2
1145,745100,3
4123,1705932,5
1798,817051,3
3467,812814,4
4227,2355324,5
1020,2161891,5
3925,1635756,4
3650,1674254,4
3925,1323479,5
241,251535,5
1172,2036838,3
3128,2151275,4
331,1721359,3
1312,2241291,3
4157,1784935,4
4356,570681,3
384,1462488,5
1634,2283873,4
3624,537200,2
3151,1295623,4
3350,2537473,1
1962,2432848,4
705,703996,3
3489,992739,1
1220,809333,5
862,1938999,4
367,637191,2
3825,2235402,3
3875,595083,4
4306,1319979,4
3254,1873783,2
3966,1457690,3
3007,420622,3
482,66114,3
4064,1541097,1
1664,1461864,4
2452,2320177,5
1470,1098351,3
83,2554267,3
3441,234606,3
886,1120006,4
1102,1473909,2
1408,2466231,4
4306,1503244,5
759,125168,1
819,1072312,4
3814,2036500,2
3938,2625831,5
788,2053392,3
788,2141350,4
2862,1106982,3
3624,104457,3
4287,600141,4
270,80803,5
829,2383312,4
2572,1153222,4
789,1107428,2
886,630863,5
658,1126041,5
3197,1320587,4
3198,1201142,5
2171,1918911,1
3371,991239,3
2001,219888,3
3222,752696,3
1905,1417261,4
4432,2365426,4
1073,2378162,5
197,1096867,2
1800,790471,5
571,2047013,5
1962,1105105,4
892,1279360,4
1406,2185352,2
1650,348870,2
4315,1834881,5
3320,2044807,4
3371,603092,4
2762,2214487,3
3326,1143510,3
2660,1112580,4
3128,757658,3
897,2017367,5
607,520243,3
4056,577885,3
4043,418859,5
4393,338368,2
2095,2618767,5
1542,168122,5
4115,588178,5
4266,385535,3
175,2446506,4
2391,2204910,1
3385,2418059,3
199,2011220,1
1561,2576273,2
156,623424,5
3960,312299,1
872,128035,4
273,1732817,5
3282,800136,2
3756,38334,4
4330,1390954,2
2783,1273979,2
1971,1033100,3
2954,1475986,4
3742,2534218,4
2372,1103863,5
4315,1913085,4
197,543874,3
3368,551772,3
4341,1492475,3
30,2404146,4
3719,1985726,4
886,749203,4
483,215762,3
290,1066926,2
1307,669665,5
2916,1918794,4
457,437063,2
2782,367727,5
1145,2450141,2
1754,1739031,5
1530,557964,5
3463,2128219,4
2780,183674,4
3371,1404191,4
3860,2595149,5
1798,860305,4
1145,1733629,3
2913,122972,4
2782,1993829,5
3905,121738,4
1046,277837,1
3801,1475164,3
1413,696184,2
1220,1293932,4
1810,918445,2
1905,1777316,4
4056,2006192,1
1102,2343379,4
4386,147386,2
788,486526,5
1590,461374,5
1962,2081353,3
3226,814829,4
1561,238439,3
241,707483,5
2122,969753,4
2430,1861311,5
3864,1930461,4
1542,622891,4
989,813694,4
940,1569793,3
3900,1497131,4
3216,2134716,4
385,1139903,4
897,573792,4
1204,491531,1
3579,946751,2
3446,2406002,5
3285,2503539,4
4056,237286,2
1110,432350,2
819,734355,3
3917,977331,4
2874,568473,3
77,376576,3
711,1802819,4
3151,1248156,4
168,2121865,4
4302,805335,2
3382,229716,2
3559,1467947,2
4116,2588755,4
1521,235964,4
468,394737,3
2360,2638972,2
2712,994153,3
457,2078462,3
2612,1910699,5
413,913155,4
1637,510970,3
2057,1715,5
3544,1389968,3
3128,1318289,4
4496,677031,1
2953,924737,3
1370,989598,5
2385,2284035,2
2380,1332983,3
4040,2443599,4
3106,766629,2
1902,1560219,4
4429,1750816,1
482,2600243,2
4405,2450203,4
2779,551156,2
2457,2213145,3
3106,1390591,4
894,131887,3
3106,2447858,3
1912,15458,4
985,2499465,4
1255,739718,4
2949,1847157,3
3938,581616,5
1693,1149359,2
4374,1734369,5
433,1943605,4
571,214205,5
1773,307556,5
2122,516854,3
1428,1416750,4
990,1330262,4
2800,2159373,3
2499,537085,1
3962,1551031,4
4225,984474,4
312,1119442,4
2660,1250649,5
3715,2287439,3
3825,429379,3
1969,255148,4
533,1886077,4
3624,610471,5
4341,1304014,4
607,1104152,4
290,523744,4
468,899682,1
571,2569459,5
1145,1637561,3
4056,2420503,3
2371,918529,3
3648,789014,2
4123,2512630,3
1596,2342550,3
3962,1817216,2
1744,1366331,4
636,1622225,4
2913,795448,4
3312,1061866,4
1367,945992,3
937,1445185,4
1972,1337295,5
2000,775463,3
1615,645138,4
1110,1373124,5
3925,471276,4
4386,729527,4
1144,1055532,3
1220,1999876,4
1467,1924750,5
4173,2108199,3
665,1977959,1
2152,908102,3
3860,687178,3
1428,2567326,4
494,189451,5
4123,340601,4
862,1593940,4
730,78404,1
1022,2546327,4
3197,603638,3
2122,2168178,4
4432,1351383,4
4356,798262,4
2332,1018578,4
3221,1243711,4
985,2416878,4
1615,1575386,2
3610,515323,3
4302,849373,4
2913,1975103,4
2690,1112137,5
357,649969,5
313,2201029,5
30,598238,3
1057,2555614,5
1665,2558448,5
3670,146546,5
3222,1563245,3
2913,2075802,4
886,1671383,5
4472,2061288,2
1719,2106840,3
3538,1750785,3
1061,1489224,4
2037,2518715,1
2200,565214,4
1210,2513421,2
3151,921113,5
3278,1823239,3
1642,644755,5
1066,2020735,4
1421,621908,3
1305,360379,3
395,1504525,4
4256,311213,4
3111,2235145,3
1744,360680,4
3684,533017,4
3962,2058634,4
30,2335203,4
2690,1597207,3
3914,2498579,2
3605,2399270,4
1408,1453621,5
4043,1905328,4
1969,101993,4
4432,1068001,5
2470,741587,3
2660,178631,4
2360,17189,5
2960,9399,4
3371,898335,2
3320,2509840,4
2372,2371995,4
4432,1512112,3
3391,2239213,3
808,1090319,3
2152,603528,5
4335,721992,3
2638,254987,4
534,519866,3
4393,1532839,3
2984,2026558,5
313,2458398,4
1905,1808145,5
3256,1571453,3
1700,1137784,3
3860,2492695,4
1367,783184,2
191,188868,2
269,927777,4
1144,1279037,4
3858,334656,3
30,1909219,3
2095,920691,3
1599,1642960,4
3275,903831,4
223,1928191,5
3463,1549725,5
2161,926515,4
2890,1344602,3
1202,889784,5
290,1497772,2
2519,1420355,1
2409,1137326,2
2528,1896177,4
2782,851294,3
248,1872958,4
1798,2024586,4
758,636383,4
4135,599241,5
3773,123707,4
2163,532948,3
985,1571785,2
571,161363,4
2000,1387830,3
3756,1668869,4
1144,2247982,5
2660,1955539,4
788,2550324,3
3151,1399546,3
4355,2024336,4
2372,360005,4
1650,1040849,3
299,2097738,4
528,2450042,4
2338,2346555,3
1406,2416829,5
270,161363,5
1351,1374216,1
4135,1603364,3
2155,1247589,3
1307,574040,4
2040,1217576,4
2881,1396806,1
1045,2450378,4
4266,755151,5
3151,2637236,4
3079,370097,3
4056,1424751,4
2675,1826086,3
1969,1462499,4
3962,1411994,5
1428,2086265,4
77,2054641,3
1110,1275047,5
4432,774255,3
1799,2634576,4
1174,139937,1
281,1710043,4
2900,664790,4
3290,1757382,4
2780,175371,3
3181,1741099,5
2953,977587,4
2686,2199204,4
1518,975715,3
1962,1667116,1
3197,2314006,4
4238,1901643,5
3936,2166735,4
686,654304,2
2057,1834031,4
1138,1421137,3
788,2207951,4
2462,527007,1
1974,2223273,4
3489,1503578,5
1509,1072383,5
3098,688423,2
482,728348,4
2470,799608,5
2188,1815614,4
1180,1188144,2
1203,2398656,3
4432,2457857,4
3605,2399670,4
2499,1476092,4
1509,2183016,4
3427,2252507,4
2680,428465,3
257,922375,4
1470,2285291,5
1799,2031812,2
4227,128254,5
3148,2092273,4
3936,2308423,2
3917,2220355,4
3648,1595778,3
3962,2311755,5
3573,2053393,1
2922,217612,1
331,597410,3
2104,1120510,4
2342,762639,4
1668,403671,3
2252,1481318,3
2532,1481961,4
1810,179073,4
4109,540417,2
4472,1466042,3
1837,96124,2
1860,2086350,4
1075,796472,3
3418,1250338,4
1289,512488,1
3825,1580162,3
1975,2341591,4
4135,1566554,4
2012,1901496,3
3282,392485,4
3938,2266220,5
191,1233482,4
1794,1445631,4
3949,357448,4
571,2526355,5
97,2106063,4
516,1134418,5
4306,1950890,4
859,807738,3
2533,2022727,4
1180,21777,4
1406,272299,3
2391,1487731,3
2443,1229494,3
3265,1271007,4
3058,1072193,4
2992,382186,2
2578,2369629,4
3756,1217592,4
413,1474606,3
1324,1611785,3
2782,2425661,4
985,1514223,4
1861,2261255,3
3371,1643959,2
3742,2303683,5
3730,2216837,5
4157,1484157,3
2594,2438413,3
2874,1446093,5
2376,1689555,4
1148,1876804,3
3190,2648134,1
3544,1555409,5
886,175740,4
1482,594754,3
4123,700531,5
2443,501748,5
2152,663095,5
1703,126104,4
3522,2012039,2
3198,1750386,3
1289,1558486,3
191,322287,5
2135,1224863,4
4345,62404,4
2430,807257,5
274,960776,3
2452,1069612,5
4488,729504,3
3610,184278,3
1877,115027,5
2775,2217196,4
2660,182875,5
3900,189558,1
305,713016,5
3106,1617106,3
3020,952063,5
4345,2471500,3
3605,1048813,4
1962,926959,2
1659,1851625,4
708,2186436,3
3942,658088,4
2095,990938,4
3212,590113,4
1652,2294930,5
1719,1920565,5
2862,1023285,5
1585,2402961,1
1744,950289,2
3938,975807,4
2266,1067761,4
1861,1629446,3
3192,2411610,3
3427,106162,5
2152,119552,1
3385,1665068,4
3962,2201601,5
3093,624122,3
2350,827713,3
1111,1541854,5
1542,1209111,4
2422,2253404,3
314,2220369,3
1110,2573370,5
3320,785112,5
3079,467182,4
4306,1584593,4
2640,288218,4
58,1512054,4
1905,859289,5
57,379184,3
3900,138575,5
2348,471814,3
2152,1052481,4
357,1588809,4
788,70428,3
3579,2214785,3
1854,2144306,2
2000,566587,4
798,1361545,3
1104,2352522,3
4092,1030857,1
4262,2649059,1
1861,2196599,4
1027,1071775,4
191,1092547,3
1553,1011516,4
3825,2004345,4
2782,262068,4
1180,1139680,4
3825,1967208,4
1509,1829273,4
2499,1095965,4
3605,2606779,4
4026,625322,5
3138,2584513,2
2660,1177295,4
58,21512,4
507,344064,4
3579,561990,3
357,706346,3
4253,1165236,4
426,363988,2
2372,2477513,5
4393,2046091,3
3730,2535586,5
1367,600104,5
3581,1276913,3
285,1600659,3
2329,2641011,4
2371,1799922,4
2499,272147,3
629,1584352,4
2660,1307700,4
4247,780160,3
2112,1332251,4
3648,2260838,3
3743,167005,2
1877,1902965,5
1542,2332416,2
3611,2504095,3
1865,1734579,5
1962,1468824,3
1428,458229,5
1962,361903,2
1317,583958,5
2640,1433498,4
1703,1744407,5
3650,1435330,5
1405,2012618,4
2167,1135444,4
2953,2168778,3
1110,753015,4
2922,511970,3
4330,124771,4
1719,2042849,2
3350,630863,4
1642,767937,2
1799,214850,2
2152,1709110,3
1719,1366123,3
3333,1599850,4
3650,973381,4
2174,2356670,4
4123,769887,3
3347,384027,4
3453,364740,2
2480,1711551,4
1466,2465310,4
253,1942777,4
1307,579548,5
1476,2461284,5
708,945082,3
4256,2412484,3
3825,401315,4
3611,1220170,2
2874,1882219,2
2783,680979,4
985,1622255,3
1561,316711,5
3232,1460776,3
2018,807969,4
4159,249198,5
1810,2573245,2
3221,1072205,5
3634,2439493,1
2395,1763559,3
1255,2202279,5
295,284651,3
3106,268454,4
250,2002671,3
3275,633598,3
1298,1305299,4
3864,1866714,4
3290,973713,5
4483,98579,4
2800,1884467,3
1885,2196954,3
818,64075,4
1578,1713166,1
2757,1375374,3
1180,708785,4
3106,1885294,5
2617,676959,2
2304,1480900,3
1428,2009178,3
4216,1701,3
2372,280860,5
788,1617883,4
1925,414449,5
2368,812617,2
3418,1175472,3
1615,1450484,4
197,74831,4
187,2001750,4
2884,400756,3
1905,2502216,3
1637,2251837,1
2862,2089285,5
2577,2128440,5
3972,1341779,5
2796,304116,4
2342,2443516,4
1955,2534508,3
1703,2374380,4
3285,1421790,5
2186,2026169,3
1650,2184977,3
4306,1588931,3
3605,1240927,4
483,613025,4
483,437672,4
2870,448727,1
3736,2292257,4
77,2066039,4
1983,2147412,3
2386,2128541,2
1746,405455,3
4149,2592938,3
4123,1079644,5
4420,1692302,2
2803,1296679,2
4181,946909,5
2992,1114387,4
197,2259483,4
2186,1634202,3
1073,1559808,5
2953,2329550,4
110,864172,3
3833,2096138,5
2122,2423858,5
1998,1466370,4
3703,1065345,4
1771,2434219,3
1370,561405,3
1561,337752,5
3371,86987,1
3215,1672270,1
3610,2428013,5
1509,1755238,5
1110,279950,4
580,585251,2
3626,1000804,5
2342,1489512,5
621,2637948,5
1267,1653550,4
886,1889496,5
3825,1170162,3
3626,827207,3
3650,2482831,4
3469,1168896,3
1102,2271716,1
2831,714349,4
3500,229507,4
1144,1636193,5
2009,398688,2
1110,470232,3
1905,1289504,5
3925,2466146,3
3418,1043616,3
2452,144717,3
4260,2115175,4
1142,80548,3
1983,223373,3
3295,939264,2
667,1374441,3
2310,1341649,3
1927,1942381,5
1532,2422606,4
3379,614585,4
1145,689787,3
738,155977,3
715,1179522,3
2519,1827869,5
1746,1182086,3
2937,935459,2
2920,1396571,5
3128,2645431,1
2456,109530,5
3756,522176,4
1324,637663,5
2372,919622,4
2152,1202074,3
1832,2481849,4
1682,1247452,3
312,1250502,2
4098,1483838,5
1682,1308307,2
2660,1760343,4
3638,471176,5
299,2388307,4
4427,1378146,4
2462,2554991,2
2328,1886670,4
312,1173657,4
331,1608476,5
1810,1626521,2
3106,445432,4
2161,1135584,4
1799,683719,4
2743,424831,3
3879,1198335,4
2580,644045,3
1810,832780,4
256,649770,2
143,362631,5
886,394170,4
3925,2013394,3
831,578197,2
1110,2413722,5
1632,2526342,4
1110,1598130,5
708,2619252,2
3015,987455,2
2660,1940160,4
1905,312145,3
1102,1606261,4
2743,758402,5
1532,329322,3
674,2033070,4
2342,2339793,1
3128,132509,3
2252,14756,5
457,1198419,4
1428,1695554,3
4089,21386,4
4413,2474129,3
4392,2113021,4
2172,1068355,4
4472,2591134,4
789,746111,4
3079,1890744,5
3254,1527826,3
2122,2090648,4
1027,1031385,4
708,198887,4
299,1354345,4
1719,437970,5
528,1135047,2
1470,1660534,5
357,804269,5
831,169281,2
473,546576,5
3535,1098765,2
4387,459612,4
1110,1995296,3
2940,1013013,3
3657,1449577,3
1329,526568,1
1709,30878,4
3489,2420384,5
313,1756068,2
3079,304485,5
329,1466716,2
2617,927233,5
2152,530020,5
1754,1761122,3
3612,2459617,4
3427,1002903,4
3610,146809,3
468,925978,4
28,651895,1
1428,1509808,3
1408,2329139,4
862,705472,1
2779,1522930,1
3817,2376364,3
4227,827096,3
3962,324784,4
357,2018877,4
3787,1448588,5
2430,1368684,4
3526,3039,3
474,1610230,5
2992,396316,4
331,1693591,4
4210,1079173,5
3309,2420828,4
241,1921372,5
3925,1002407,4
3088,65618,2
1110,273019,4
2874,1663774,2
3541,2021839,5
788,2492555,4
3282,2369493,2
2122,2289636,4
175,1961540,4
3521,2160976,5
3875,1405935,4
3938,1515725,5
3684,1639598,4
4123,1767609,3
1264,1544476,4
4043,1702468,5
2594,2635887,3
3713,685183,4
2173,214191,5
3365,940669,1
1084,48718,5
3541,39329,4
937,875555,3
908,2264299,3
4315,371723,4
1180,715874,3
1799,2118133,5
2782,786870,4
191,1944264,4
1180,2341487,5
2734,360089,3
3282,867021,4
3334,374368,3
2173,1715715,5
3938,632632,4
1542,2093120,2
3756,355445,3
442,2044883,4
571,1094119,2
4216,207860,3
2711,1255468,2
191,1282460,5
789,2460504,4
4043,1032301,5
4315,2409423,4
3670,1821964,4
1905,152669,4
1406,1604903,1
4306,1997147,5
3624,1571958,3
3925,1711582,3
996,239442,5
705,793932,2
175,104724,2
1102,366891,3
3756,591258,4
708,2224685,3
433,1668072,4
4364,2303969,4
4109,1485100,3
985,2125368,4
4216,877978,3
4369,1793530,2
483,463888,3
2152,1264827,3
3535,988098,3
2112,638657,2
3466,2352332,5
658,1295700,3
1709,1907667,4
1861,1197941,3
2172,836397,5
4460,976615,3
357,1341478,4
4089,653526,3
2460,1101043,4
1810,2129413,5
2795,1577811,3
3814,725468,3
2594,2276950,3
3936,1394920,4
330,433641,4
3825,1126100,4
3925,2213123,2
3282,2461779,5
1073,733263,5
859,1645067,4
312,1840502,5
4427,541452,4
3599,2205042,3
1102,971424,2
2743,1193136,4
1144,364198,3
3106,1638608,4
2372,1360090,5
1804,1224299,4
2757,1536822,3
1865,333277,5
1096,2635647,3
3728,926585,3
1466,1778364,4
215,471462,5
2580,2455069,4
4123,1419077,3
4432,1339724,3
313,1573483,3
2135,2208981,3
2495,38769,4
2782,2450894,5
4306,1623525,4
3254,68876,3
4302,2015039,5
2711,2584676,5
2173,598256,3
615,2578740,5
3610,746258,5
4306,2321273,5
758,455516,4
1220,1231384,4
1918,1564695,3
2953,1834827,2
4149,1082183,4
1138,901583,3
3768,2324813,4
651,1813849,4
2384,1518496,4
3198,784578,3
4098,898049,4
4393,1001878,4
2452,553224,3
2962,1181558,4
3680,330424,4
4393,312432,4
708,862396,3
492,1865249,3
1790,1392053,4
3371,2447769,4
1971,1279279,2
3182,1076087,3
2660,2129179,4
3756,501773,4
1220,1849022,4
4432,1726616,3
3015,2201701,2
4248,2002470,2
1542,1253163,1
103,507603,1
30,2244549,5
468,954412,4
3197,253896,3
2874,749561,3
4472,174395,4
1905,620645,4
3612,1730974,4
1145,1508328,3
501,2228457,4
1719,58161,3
4056,1081442,2
615,501748,4
2189,1317580,4
1094,1784020,4
3860,670382,4
1571,2255935,4
1547,1289928,4
989,1239216,3
571,605011,4
3282,735497,3
1180,2179550,5
763,1068044,3
1799,33182,3
1833,929092,2
4260,1815269,3
1525,1428341,2
2122,532787,3
1719,694320,5
2927,1577807,5
3713,55925,3
3017,1385356,3
1843,2532397,1
4432,2507344,3
3320,1194215,4
2128,2361340,3
962,2038357,4
1861,1517054,2
1438,2421772,2
3333,650391,3
3756,1958344,2
3936,308688,3
1632,751725,3
3893,2331112,3
789,815418,4
1843,1274599,4
1561,1904696,1
330,1952756,4
2782,30080,4
621,537109,2
2960,1176429,3
4306,566641,5
1470,1736870,4
4262,2505480,3
3290,1811708,5
1145,59257,4
3079,360375,4
4432,1797922,4
3015,2626527,5
2072,702639,4
1307,2097277,2
3610,1155251,4
1983,769314,3
1625,638657,3
1799,1425274,4
3282,467255,4
2043,861532,3
1180,642381,4
2391,612729,4
30,793286,5
1857,1728944,3
2800,2520193,5
3791,2196548,2
108,2519299,4
3972,240721,5
3938,367678,4
3756,1648119,1
1917,2100096,4
1832,1362465,5
4149,2246981,4
3955,1804362,4
3198,1779414,3
1962,581989,4
2431,2264244,4
3905,1420645,4
1721,1221336,3
3860,1743131,5
3222,1590011,3
1020,158732,4
994,2227924,4
2176,1818524,1
2293,1171236,4
191,1064963,4
1542,1462490,3
2456,850513,4
2753,2083951,5
1085,2525782,4
3689,1376874,3
2756,253582,3
985,1499691,4
2955,1000062,4
1476,2375433,5
3905,969879,3
2580,2602749,3
2874,1565978,3
4289,612653,3
3368,2578521,5
2660,528575,4
2457,2118374,3
2882,1105029,4
473,1703642,3
2580,79170,4
3282,318408,3
4210,1581481,3
4356,572037,3
2122,454700,5
2465,2492511,4
2144,476120,1
550,2162603,3
528,1394499,2
3756,623215,2
1896,1001928,2
817,1919108,4
3433,2580254,3
1180,2137807,4
517,2184274,2
3894,1141848,3
2430,818180,5
1962,2120879,3
1915,2147527,2
143,2136247,3
2580,884967,4
1022,1550207,2
4262,1257532,3
290,1272423,3
4056,902724,3
1406,753385,3
3433,2001983,5
1278,483107,4
1476,189080,5
2173,1896008,4
4043,1708494,3
3371,1578998,4
1905,1379416,5
798,814948,5
894,2316326,2
1201,1774181,4
3148,1236114,4
4330,700024,4
2755,1651469,4
2803,1424380,5
2200,2595310,3
2735,2393039,2
1068,2501166,4
1542,60607,4
425,1668621,2
1145,1583282,5
2565,1049825,3
3151,2282041,3
3648,1000481,2
3371,2537849,4
1798,1894440,5
2209,1029864,5
4080,2196782,4
3938,1095839,3
1819,691833,4
1277,1690399,5
3624,2034927,5
2217,1489013,1
2391,30270,2
3282,2178365,5
1367,1620655,4
2499,2212008,3
1974,653334,4
3662,2326663,5
2231,2519299,2
4216,513544,2
2776,1470123,1
3541,23129,5
166,1960129,3
191,2588872,4
148,1011692,3
3938,99737,2
2400,2356435,3
4432,2158199,5
1066,1827645,3
3093,1422484,1
1111,879196,1
1905,222528,5
2452,1270839,5
4257,1386350,5
166,284272,3
2457,1939561,2
2580,1432647,5
2727,2231473,5
1542,2318684,4
2452,1339799,5
3825,2014670,4
1955,61928,3
2701,342877,3
1905,319243,5
758,1118041,3
2566,250509,5
3960,769314,3
3617,1143633,3
1542,260011,4
4302,2255588,4
1145,2508094,1
1684,2396637,2
3015,89266,3
3626,2340378,3
1513,81866,5
1962,2533606,4
3728,961023,5
3368,65710,4
191,1167767,5
1174,2610745,5
3825,2247924,1
4255,1965995,4
313,2419242,3
3151,2543750,4
4056,808825,3
4210,491106,3
3017,859453,5
789,2163655,5
1202,1017644,4
2152,1021232,2
3355,80482,4
3840,743894,2
1220,504298,4
4224,2615725,2
1502,2596720,3
2862,1004122,5
3825,1574592,3
197,846575,4
3015,2430411,3
4345,2617393,1
1798,1998608,5
4355,2272929,1
2861,72174,5
1625,1036918,5
3079,40529,1
607,1854214,4
555,1428452,4
4432,63023,5
2913,328805,3
3668,1350176,5
3364,1143242,5
2734,2150570,4
313,520593,3
3364,615066,4
3285,445894,4
3098,1867447,1
4123,1415580,1
3282,1875449,5
4149,2103871,4
2578,1162907,5
3013,1434507,4
1202,960591,3
1682,454833,4
2708,526149,3
1692,1511700,5
1810,281095,5
79,2268901,2
3825,1966678,5
1918,1566530,3
78,361403,1
3925,400462,5
2209,875108,5
3638,82577,4
517,925220,4
1725,1302196,3
3371,700215,4
250,1696308,3
3151,268908,3
1901,1533817,5
2890,1478980,4
2648,1312732,5
4479,2512180,4
